11;SAVANNAH;MONKEY,TARSIER,OWL
13;SAVANNAH;SNAKE,GORILLA,TIGER
10;JUNGLE;LYNX,TIGER
26;TUNDRA;GORILLA,LEOPARD,MONKEY
2;JUNGLE;MONKEY
15;SAVANNAH;LEOPARD,MONKEY,JACKALOPE
10;JUNGLE;OWL
2;JUNGLE;TURTLE
21;TUNDRA;MONKEY,OWL,SNAKE
19;SAVANNAH;JACKALOPE,GORILLA,LEOPARD
26;TUNDRA;MONKEY,WHITE_TIGER
11;SAVANNAH;TARSIER,WHITE_GORILLA
6;JUNGLE;TARSIER,JACKALOPE,TIGER
6;JUNGLE;JACKALOPE,TURTLE
8;JUNGLE;TURTLE
9;JUNGLE;TIGER
6;JUNGLE;OWL,TURTLE,TARSIER
17;SAVANNAH;WHITE_TIGER,SNAKE
18;SAVANNAH;SNAKE,TIGER
8;JUNGLE;WHITE_GORILLA,BUFFALO
13;SAVANNAH;GORILLA,MONKEY
16;SAVANNAH;TIGER,JACKALOPE
21;TUNDRA;TARSIER,LEOPARD
11;SAVANNAH;LEOPARD
26;TUNDRA;JACKALOPE,SNAKE
13;SAVANNAH;SNAKE,LYNX,TIGER
25;TUNDRA;SNAKE
28;TUNDRA;OWL,TURTLE
24;TUNDRA;JACKALOPE,OWL,GORILLA
3;JUNGLE;TURTLE
24;TUNDRA;LYNX,SNAKE
24;TUNDRA;BUFFALO,WHITE_GORILLA
10;JUNGLE;MONKEY
24;TUNDRA;MONKEY,TARSIER,WHITE_TIGER
7;JUNGLE;LEOPARD,TURTLE,JACKALOPE
3;JUNGLE;MONKEY,OWL
22;TUNDRA;TARSIER,BUFFALO
20;SAVANNAH;LYNX
16;SAVANNAH;SNAKE
1;JUNGLE;SNAKE,WHITE_GORILLA
26;TUNDRA;SNAKE
26;TUNDRA;BUFFALO
25;TUNDRA;TURTLE,JACKALOPE,TIGER
4;JUNGLE;TARSIER,WHITE_TIGER
1;JUNGLE;OWL
28;TUNDRA;WHITE_TIGER
19;SAVANNAH;JACKALOPE,TARSIER
18;SAVANNAH;OWL,BUFFALO,MONKEY
10;JUNGLE;WHITE_TIGER
26;TUNDRA;GORILLA,TURTLE
29;TUNDRA;SNAKE,OWL,LEOPARD
21;TUNDRA;LYNX,TARSIER
19;SAVANNAH;LYNX,TURTLE
7;JUNGLE;LEOPARD,TURTLE
28;TUNDRA;LEOPARD,TARSIER,WHITE_TIGER
8;JUNGLE;WHITE_TIGER,TIGER,BUFFALO
14;SAVANNAH;OWL,LEOPARD
30;TUNDRA;SNAKE,TARSIER
12;SAVANNAH;TIGER
30;TUNDRA;OWL,WHITE_GORILLA
20;SAVANNAH;BUFFALO
15;SAVANNAH;OWL,LYNX,JACKALOPE
13;SAVANNAH;TARSIER
10;JUNGLE;LEOPARD,OWL,TURTLE
21;TUNDRA;MONKEY,TARSIER
11;SAVANNAH;OWL,GORILLA,JACKALOPE
20;SAVANNAH;JACKALOPE,LYNX,TIGER
11;SAVANNAH;GORILLA
29;TUNDRA;WHITE_GORILLA
19;SAVANNAH;TIGER,TURTLE,WHITE_GORILLA
28;TUNDRA;WHITE_TIGER
1;JUNGLE;TURTLE,MONKEY,LEOPARD
24;TUNDRA;TIGER,SNAKE
1;JUNGLE;WHITE_TIGER,LYNX
2;JUNGLE;MONKEY
1;JUNGLE;LEOPARD,TARSIER
25;TUNDRA;TIGER,WHITE_GORILLA,WHITE_TIGER
14;SAVANNAH;JACKALOPE
26;TUNDRA;WHITE_GORILLA,JACKALOPE
13;SAVANNAH;TIGER
11;SAVANNAH;JACKALOPE,WHITE_TIGER
21;TUNDRA;LYNX,TURTLE,WHITE_TIGER
18;SAVANNAH;BUFFALO
14;SAVANNAH;WHITE_TIGER
27;TUNDRA;OWL
17;SAVANNAH;WHITE_TIGER
9;JUNGLE;BUFFALO
26;TUNDRA;GORILLA,TURTLE,LEOPARD
10;JUNGLE;SNAKE,TARSIER
17;SAVANNAH;BUFFALO
2;JUNGLE;WHITE_GORILLA
24;TUNDRA;SNAKE,TIGER,TARSIER
25;TUNDRA;OWL,LYNX
26;TUNDRA;WHITE_GORILLA
7;JUNGLE;TIGER,MONKEY,JACKALOPE
24;TUNDRA;LEOPARD,JACKALOPE
29;TUNDRA;JACKALOPE
21;TUNDRA;JACKALOPE,TIGER,BUFFALO
22;TUNDRA;GORILLA
29;TUNDRA;JACKALOPE,LYNX,OWL
18;SAVANNAH;SNAKE,WHITE_GORILLA,TURTLE
11;SAVANNAH;JACKALOPE
18;SAVANNAH;GORILLA
24;TUNDRA;TIGER,LYNX,WHITE_GORILLA
6;JUNGLE;WHITE_TIGER
25;TUNDRA;BUFFALO
18;SAVANNAH;JACKALOPE,LEOPARD,WHITE_TIGER
8;JUNGLE;JACKALOPE,TURTLE
13;SAVANNAH;GORILLA,LYNX
13;SAVANNAH;OWL,LYNX
18;SAVANNAH;WHITE_TIGER
5;JUNGLE;OWL,WHITE_TIGER
18;SAVANNAH;LYNX
23;TUNDRA;WHITE_TIGER,GORILLA
22;TUNDRA;OWL,BUFFALO
21;TUNDRA;LEOPARD
17;SAVANNAH;SNAKE,GORILLA,WHITE_TIGER
9;JUNGLE;SNAKE,MONKEY,WHITE_GORILLA
2;JUNGLE;LEOPARD,BUFFALO
28;TUNDRA;LYNX,TIGER
19;SAVANNAH;MONKEY
13;SAVANNAH;BUFFALO
30;TUNDRA;JACKALOPE,GORILLA,LEOPARD
9;JUNGLE;TURTLE,LYNX
2;JUNGLE;TURTLE,WHITE_TIGER,BUFFALO
7;JUNGLE;WHITE_GORILLA,WHITE_TIGER
19;SAVANNAH;WHITE_TIGER,TIGER
9;JUNGLE;TARSIER
15;SAVANNAH;TARSIER,TIGER,SNAKE
7;JUNGLE;GORILLA,LEOPARD,TIGER
10;JUNGLE;OWL,BUFFALO
27;TUNDRA;MONKEY
12;SAVANNAH;LYNX
15;SAVANNAH;MONKEY,WHITE_GORILLA
4;JUNGLE;WHITE_GORILLA
10;JUNGLE;LEOPARD,WHITE_GORILLA,GORILLA
16;SAVANNAH;TIGER
11;SAVANNAH;WHITE_GORILLA
13;SAVANNAH;OWL,LEOPARD
12;SAVANNAH;JACKALOPE,GORILLA
18;SAVANNAH;OWL
9;JUNGLE;LYNX
14;SAVANNAH;BUFFALO,TARSIER
21;TUNDRA;LYNX,LEOPARD
28;TUNDRA;LEOPARD
3;JUNGLE;MONKEY,LYNX
5;JUNGLE;OWL,JACKALOPE
2;JUNGLE;WHITE_GORILLA,LEOPARD,BUFFALO
21;TUNDRA;SNAKE
1;JUNGLE;TIGER,SNAKE,OWL
13;SAVANNAH;TIGER
9;JUNGLE;GORILLA
30;TUNDRA;SNAKE,TARSIER
13;SAVANNAH;LYNX
25;TUNDRA;SNAKE,OWL,WHITE_GORILLA
12;SAVANNAH;MONKEY,LYNX
2;JUNGLE;SNAKE
2;JUNGLE;TARSIER,WHITE_GORILLA
30;TUNDRA;TARSIER
18;SAVANNAH;TARSIER
10;JUNGLE;WHITE_TIGER,WHITE_GORILLA
11;SAVANNAH;WHITE_TIGER,OWL,TARSIER
11;SAVANNAH;LYNX,SNAKE
8;JUNGLE;SNAKE
27;TUNDRA;TARSIER,LEOPARD,TIGER
22;TUNDRA;BUFFALO
27;TUNDRA;LEOPARD,GORILLA
23;TUNDRA;LYNX
5;JUNGLE;LEOPARD,TIGER,JACKALOPE
19;SAVANNAH;TIGER
6;JUNGLE;TIGER,LYNX,SNAKE
3;JUNGLE;GORILLA,LEOPARD
1;JUNGLE;LEOPARD,MONKEY
8;JUNGLE;TARSIER,LYNX,MONKEY
1;JUNGLE;LYNX,LEOPARD
17;SAVANNAH;BUFFALO,GORILLA
2;JUNGLE;SNAKE
2;JUNGLE;TURTLE,TARSIER
10;JUNGLE;TARSIER,TURTLE,GORILLA
4;JUNGLE;JACKALOPE
21;TUNDRA;GORILLA,SNAKE,MONKEY
30;TUNDRA;TURTLE,LEOPARD,TIGER
2;JUNGLE;LEOPARD,WHITE_GORILLA
22;TUNDRA;TIGER
16;SAVANNAH;OWL
6;JUNGLE;LYNX
27;TUNDRA;OWL,SNAKE,LEOPARD
26;TUNDRA;WHITE_TIGER,BUFFALO,SNAKE
21;TUNDRA;TIGER,JACKALOPE
8;JUNGLE;TIGER
27;TUNDRA;TURTLE,LYNX
15;SAVANNAH;JACKALOPE,GORILLA
2;JUNGLE;TARSIER,OWL
28;TUNDRA;JACKALOPE,MONKEY,LYNX
13;SAVANNAH;WHITE_TIGER,JACKALOPE
15;SAVANNAH;JACKALOPE
26;TUNDRA;BUFFALO,TURTLE
10;JUNGLE;SNAKE,LEOPARD
18;SAVANNAH;TARSIER,LYNX,LEOPARD
30;TUNDRA;SNAKE,TURTLE,TIGER
14;SAVANNAH;JACKALOPE,WHITE_TIGER
2;JUNGLE;MONKEY,TARSIER,OWL
30;TUNDRA;SNAKE
29;TUNDRA;SNAKE,WHITE_GORILLA
1;JUNGLE;WHITE_TIGER
6;JUNGLE;OWL,LEOPARD
27;TUNDRA;JACKALOPE,TURTLE
26;TUNDRA;GORILLA
23;TUNDRA;SNAKE
26;TUNDRA;OWL,WHITE_TIGER,TURTLE
26;TUNDRA;LYNX,GORILLA
20;SAVANNAH;SNAKE,LYNX,TARSIER
15;SAVANNAH;WHITE_GORILLA,BUFFALO,LYNX
29;TUNDRA;WHITE_GORILLA,LEOPARD
24;TUNDRA;LEOPARD,TARSIER
25;TUNDRA;WHITE_GORILLA
9;JUNGLE;GORILLA
23;TUNDRA;SNAKE
23;TUNDRA;MONKEY,LYNX,TURTLE
9;JUNGLE;OWL,BUFFALO,WHITE_GORILLA
2;JUNGLE;LYNX,MONKEY
6;JUNGLE;OWL
9;JUNGLE;MONKEY,TURTLE
17;SAVANNAH;BUFFALO,TURTLE,GORILLA
30;TUNDRA;JACKALOPE,WHITE_GORILLA
30;TUNDRA;BUFFALO,GORILLA,JACKALOPE
5;JUNGLE;TIGER
2;JUNGLE;LYNX
8;JUNGLE;WHITE_TIGER
4;JUNGLE;WHITE_GORILLA,TARSIER
23;TUNDRA;LEOPARD,TARSIER
8;JUNGLE;WHITE_GORILLA
16;SAVANNAH;TIGER
23;TUNDRA;MONKEY
3;JUNGLE;SNAKE,TIGER
4;JUNGLE;TIGER,MONKEY,TARSIER
17;SAVANNAH;MONKEY,TIGER
5;JUNGLE;WHITE_TIGER,TURTLE,SNAKE
15;SAVANNAH;TURTLE,OWL,WHITE_TIGER
19;SAVANNAH;TIGER,LEOPARD,LYNX
19;SAVANNAH;TURTLE,TIGER
4;JUNGLE;SNAKE,TURTLE,MONKEY
1;JUNGLE;LYNX,MONKEY
13;SAVANNAH;WHITE_GORILLA
25;TUNDRA;LYNX,BUFFALO
5;JUNGLE;GORILLA
16;SAVANNAH;BUFFALO,TIGER
21;TUNDRA;TARSIER,TURTLE,TIGER
14;SAVANNAH;TARSIER,LYNX
16;SAVANNAH;MONKEY,BUFFALO
7;JUNGLE;TIGER,WHITE_TIGER
2;JUNGLE;OWL
20;SAVANNAH;OWL,TARSIER
11;SAVANNAH;LEOPARD,BUFFALO
10;JUNGLE;TURTLE
26;TUNDRA;SNAKE,WHITE_GORILLA,BUFFALO
15;SAVANNAH;WHITE_TIGER
10;JUNGLE;JACKALOPE,TARSIER,LEOPARD
14;SAVANNAH;MONKEY,SNAKE,TARSIER
20;SAVANNAH;TARSIER,MONKEY,LYNX
11;SAVANNAH;SNAKE,MONKEY,LEOPARD
1;JUNGLE;WHITE_TIGER,TARSIER
1;JUNGLE;GORILLA,WHITE_TIGER
3;JUNGLE;SNAKE
13;SAVANNAH;LEOPARD,WHITE_GORILLA
2;JUNGLE;GORILLA
8;JUNGLE;GORILLA,MONKEY,TARSIER
14;SAVANNAH;LEOPARD,SNAKE,TURTLE
29;TUNDRA;TIGER,TARSIER,GORILLA
9;JUNGLE;MONKEY,LEOPARD,JACKALOPE
8;JUNGLE;BUFFALO,TURTLE
30;TUNDRA;BUFFALO,LEOPARD,LYNX
7;JUNGLE;WHITE_GORILLA
25;TUNDRA;TIGER
20;SAVANNAH;WHITE_TIGER,LEOPARD,TARSIER
30;TUNDRA;WHITE_GORILLA
12;SAVANNAH;SNAKE,TURTLE,TIGER
2;JUNGLE;WHITE_TIGER,WHITE_GORILLA
22;TUNDRA;TURTLE,MONKEY,WHITE_TIGER
15;SAVANNAH;TIGER
10;JUNGLE;TURTLE
26;TUNDRA;WHITE_GORILLA
13;SAVANNAH;TIGER,TARSIER,BUFFALO
14;SAVANNAH;TURTLE,JACKALOPE
5;JUNGLE;WHITE_TIGER,MONKEY,SNAKE
6;JUNGLE;SNAKE,TIGER
15;SAVANNAH;LYNX
4;JUNGLE;LEOPARD,BUFFALO
15;SAVANNAH;LYNX
4;JUNGLE;TARSIER,WHITE_GORILLA,JACKALOPE
28;TUNDRA;LEOPARD,WHITE_TIGER,JACKALOPE
18;SAVANNAH;WHITE_TIGER
28;TUNDRA;TIGER,TURTLE
1;JUNGLE;WHITE_GORILLA
13;SAVANNAH;TURTLE,OWL,GORILLA
2;JUNGLE;WHITE_TIGER
28;TUNDRA;WHITE_TIGER
24;TUNDRA;MONKEY
15;SAVANNAH;JACKALOPE,WHITE_TIGER
12;SAVANNAH;LYNX,TARSIER,GORILLA
8;JUNGLE;TIGER,WHITE_GORILLA,LEOPARD
7;JUNGLE;JACKALOPE,LEOPARD
28;TUNDRA;LEOPARD,BUFFALO
10;JUNGLE;GORILLA
22;TUNDRA;TARSIER,MONKEY,TURTLE
27;TUNDRA;BUFFALO,LYNX,JACKALOPE
28;TUNDRA;WHITE_GORILLA,BUFFALO,LYNX
29;TUNDRA;TIGER,TARSIER,LYNX
23;TUNDRA;JACKALOPE,TURTLE,SNAKE
19;SAVANNAH;TARSIER,GORILLA
29;TUNDRA;WHITE_TIGER
9;JUNGLE;BUFFALO,GORILLA,LYNX
11;SAVANNAH;GORILLA,LEOPARD
30;TUNDRA;JACKALOPE,WHITE_TIGER
13;SAVANNAH;LEOPARD
5;JUNGLE;SNAKE
10;JUNGLE;OWL,WHITE_GORILLA,JACKALOPE
15;SAVANNAH;TARSIER
25;TUNDRA;LEOPARD,TARSIER
25;TUNDRA;JACKALOPE
15;SAVANNAH;TIGER,TURTLE
4;JUNGLE;WHITE_TIGER,GORILLA
28;TUNDRA;WHITE_TIGER,MONKEY
1;JUNGLE;SNAKE
6;JUNGLE;GORILLA,OWL,LYNX
2;JUNGLE;TARSIER,SNAKE
6;JUNGLE;OWL,BUFFALO,MONKEY
10;JUNGLE;LEOPARD
16;SAVANNAH;LYNX
8;JUNGLE;MONKEY,WHITE_GORILLA
14;SAVANNAH;JACKALOPE
28;TUNDRA;TARSIER
17;SAVANNAH;JACKALOPE,GORILLA
30;TUNDRA;TARSIER,LEOPARD,JACKALOPE
26;TUNDRA;BUFFALO,SNAKE,OWL
20;SAVANNAH;LYNX
7;JUNGLE;LEOPARD
27;TUNDRA;WHITE_TIGER,LYNX
27;TUNDRA;JACKALOPE
3;JUNGLE;WHITE_TIGER,SNAKE
6;JUNGLE;WHITE_GORILLA,BUFFALO,TURTLE
25;TUNDRA;TIGER,LYNX,OWL
8;JUNGLE;BUFFALO,TURTLE,OWL
8;JUNGLE;LYNX,TIGER
14;SAVANNAH;JACKALOPE,WHITE_TIGER,OWL
8;JUNGLE;GORILLA,TARSIER,TURTLE
14;SAVANNAH;SNAKE,LEOPARD
21;TUNDRA;LEOPARD
30;TUNDRA;LYNX,TIGER
1;JUNGLE;MONKEY,JACKALOPE
23;TUNDRA;TARSIER,GORILLA
3;JUNGLE;JACKALOPE,MONKEY
28;TUNDRA;TARSIER
22;TUNDRA;WHITE_GORILLA,MONKEY,GORILLA
9;JUNGLE;SNAKE,OWL
10;JUNGLE;TARSIER
6;JUNGLE;WHITE_GORILLA,LEOPARD
29;TUNDRA;SNAKE,OWL
20;SAVANNAH;JACKALOPE
20;SAVANNAH;JACKALOPE,GORILLA
13;SAVANNAH;SNAKE,TIGER,WHITE_GORILLA
9;JUNGLE;WHITE_GORILLA
1;JUNGLE;TURTLE,TARSIER
26;TUNDRA;MONKEY
10;JUNGLE;WHITE_GORILLA
28;TUNDRA;GORILLA
9;JUNGLE;SNAKE
19;SAVANNAH;WHITE_GORILLA,JACKALOPE
4;JUNGLE;SNAKE
26;TUNDRA;TURTLE,LEOPARD,WHITE_TIGER
28;TUNDRA;LEOPARD,SNAKE
11;SAVANNAH;TURTLE,JACKALOPE
8;JUNGLE;TURTLE,OWL
6;JUNGLE;TARSIER,BUFFALO
16;SAVANNAH;TIGER,LEOPARD
5;JUNGLE;MONKEY
30;TUNDRA;OWL,JACKALOPE,TARSIER
3;JUNGLE;TIGER,OWL
19;SAVANNAH;LYNX
22;TUNDRA;MONKEY
8;JUNGLE;OWL
9;JUNGLE;OWL,JACKALOPE
8;JUNGLE;JACKALOPE
3;JUNGLE;MONKEY
26;TUNDRA;LEOPARD,SNAKE
7;JUNGLE;TARSIER,BUFFALO
22;TUNDRA;LEOPARD
27;TUNDRA;SNAKE
1;JUNGLE;LYNX
2;JUNGLE;BUFFALO,TURTLE
4;JUNGLE;LEOPARD,WHITE_GORILLA
2;JUNGLE;WHITE_GORILLA
8;JUNGLE;LYNX,MONKEY,WHITE_TIGER
14;SAVANNAH;SNAKE
30;TUNDRA;TURTLE,WHITE_TIGER
9;JUNGLE;JACKALOPE,GORILLA,MONKEY
26;TUNDRA;BUFFALO,TURTLE,OWL
20;SAVANNAH;GORILLA,LYNX
20;SAVANNAH;WHITE_GORILLA,LYNX,WHITE_TIGER
8;JUNGLE;MONKEY
10;JUNGLE;TURTLE,WHITE_TIGER,OWL
29;TUNDRA;MONKEY,BUFFALO
8;JUNGLE;TIGER,LEOPARD
20;SAVANNAH;GORILLA
22;TUNDRA;MONKEY
16;SAVANNAH;MONKEY,GORILLA
11;SAVANNAH;TARSIER,GORILLA,TURTLE
9;JUNGLE;MONKEY
16;SAVANNAH;WHITE_GORILLA
2;JUNGLE;WHITE_TIGER,TIGER
19;SAVANNAH;JACKALOPE,OWL,BUFFALO
9;JUNGLE;BUFFALO,LEOPARD,TURTLE
7;JUNGLE;LEOPARD,OWL,TIGER
11;SAVANNAH;MONKEY
26;TUNDRA;JACKALOPE,BUFFALO,TARSIER
5;JUNGLE;LEOPARD
18;SAVANNAH;WHITE_GORILLA,MONKEY,SNAKE
4;JUNGLE;OWL,BUFFALO
12;SAVANNAH;LYNX,JACKALOPE
25;TUNDRA;GORILLA,LEOPARD
7;JUNGLE;GORILLA
13;SAVANNAH;LYNX,TURTLE
7;JUNGLE;GORILLA,WHITE_TIGER,BUFFALO
17;SAVANNAH;OWL,TIGER,BUFFALO
7;JUNGLE;LYNX
3;JUNGLE;TURTLE,BUFFALO
3;JUNGLE;JACKALOPE,MONKEY,OWL
8;JUNGLE;LYNX,LEOPARD,GORILLA
14;SAVANNAH;TURTLE
27;TUNDRA;TARSIER,MONKEY
24;TUNDRA;BUFFALO,TARSIER
19;SAVANNAH;TIGER,LEOPARD,GORILLA
8;JUNGLE;TIGER,OWL
25;TUNDRA;MONKEY
12;SAVANNAH;WHITE_GORILLA,SNAKE
3;JUNGLE;LEOPARD,OWL,MONKEY
13;SAVANNAH;TARSIER,GORILLA
1;JUNGLE;WHITE_GORILLA,GORILLA,WHITE_TIGER
20;SAVANNAH;LYNX,MONKEY
9;JUNGLE;LYNX,OWL
29;TUNDRA;LYNX,TURTLE,WHITE_TIGER
24;TUNDRA;WHITE_GORILLA
17;SAVANNAH;TIGER
23;TUNDRA;BUFFALO
5;JUNGLE;SNAKE,WHITE_TIGER
4;JUNGLE;LEOPARD
18;SAVANNAH;JACKALOPE,TARSIER
19;SAVANNAH;JACKALOPE
12;SAVANNAH;WHITE_TIGER,LEOPARD
2;JUNGLE;OWL
19;SAVANNAH;TIGER,WHITE_GORILLA,MONKEY
21;TUNDRA;TARSIER
7;JUNGLE;TURTLE
23;TUNDRA;MONKEY
25;TUNDRA;LEOPARD,TIGER
20;SAVANNAH;JACKALOPE,TIGER
20;SAVANNAH;WHITE_GORILLA,TARSIER
19;SAVANNAH;MONKEY,JACKALOPE
15;SAVANNAH;OWL
10;JUNGLE;BUFFALO,TIGER,JACKALOPE
23;TUNDRA;TIGER
24;TUNDRA;TURTLE,LEOPARD,TARSIER
13;SAVANNAH;TIGER
1;JUNGLE;JACKALOPE,WHITE_TIGER,OWL
28;TUNDRA;LEOPARD,TIGER,TURTLE
30;TUNDRA;BUFFALO,OWL
7;JUNGLE;BUFFALO,TIGER
14;SAVANNAH;GORILLA
11;SAVANNAH;TIGER,LEOPARD
23;TUNDRA;TARSIER,GORILLA
28;TUNDRA;TIGER,WHITE_GORILLA
7;JUNGLE;TURTLE,TARSIER
5;JUNGLE;TIGER,LYNX
8;JUNGLE;SNAKE
27;TUNDRA;LYNX,WHITE_TIGER
2;JUNGLE;TARSIER,GORILLA
11;SAVANNAH;TIGER
27;TUNDRA;TARSIER,WHITE_TIGER
9;JUNGLE;SNAKE,GORILLA
16;SAVANNAH;GORILLA,LYNX
2;JUNGLE;WHITE_TIGER
6;JUNGLE;GORILLA,WHITE_GORILLA,TURTLE
10;JUNGLE;TIGER
13;SAVANNAH;WHITE_TIGER
28;TUNDRA;GORILLA,TARSIER,OWL
4;JUNGLE;JACKALOPE
9;JUNGLE;MONKEY
8;JUNGLE;OWL,MONKEY
7;JUNGLE;MONKEY,BUFFALO
21;TUNDRA;TURTLE
7;JUNGLE;LEOPARD,BUFFALO
12;SAVANNAH;TIGER,LYNX
29;TUNDRA;TARSIER,JACKALOPE,LEOPARD
11;SAVANNAH;LYNX
20;SAVANNAH;TURTLE,TIGER,TARSIER
5;JUNGLE;JACKALOPE
22;TUNDRA;TIGER,TARSIER
1;JUNGLE;SNAKE,BUFFALO
27;TUNDRA;TURTLE,SNAKE,OWL
2;JUNGLE;WHITE_GORILLA,JACKALOPE,LYNX
7;JUNGLE;BUFFALO
6;JUNGLE;LYNX,WHITE_GORILLA,GORILLA
18;SAVANNAH;TARSIER,LEOPARD
8;JUNGLE;LEOPARD,WHITE_GORILLA,SNAKE
3;JUNGLE;TURTLE,BUFFALO
18;SAVANNAH;JACKALOPE,TURTLE
14;SAVANNAH;OWL,GORILLA
21;TUNDRA;BUFFALO,LYNX
18;SAVANNAH;LEOPARD
21;TUNDRA;SNAKE,GORILLA
13;SAVANNAH;GORILLA,MONKEY
25;TUNDRA;OWL
30;TUNDRA;MONKEY,TIGER,LEOPARD
30;TUNDRA;JACKALOPE
28;TUNDRA;SNAKE,WHITE_GORILLA
4;JUNGLE;JACKALOPE,WHITE_TIGER,TARSIER
6;JUNGLE;MONKEY,LEOPARD,WHITE_GORILLA
20;SAVANNAH;OWL
6;JUNGLE;TIGER
25;TUNDRA;MONKEY
10;JUNGLE;TARSIER
12;SAVANNAH;OWL,LEOPARD,TIGER
17;SAVANNAH;JACKALOPE
25;TUNDRA;WHITE_TIGER,JACKALOPE
5;JUNGLE;LEOPARD,SNAKE
25;TUNDRA;LYNX,BUFFALO
4;JUNGLE;TURTLE,LYNX
7;JUNGLE;SNAKE
14;SAVANNAH;MONKEY
23;TUNDRA;MONKEY,TARSIER,SNAKE
3;JUNGLE;LEOPARD,MONKEY,LYNX
10;JUNGLE;MONKEY
2;JUNGLE;TURTLE
19;SAVANNAH;SNAKE,GORILLA,MONKEY
15;SAVANNAH;JACKALOPE,TARSIER
17;SAVANNAH;LEOPARD,LYNX
10;JUNGLE;JACKALOPE
8;JUNGLE;OWL,BUFFALO,JACKALOPE
29;TUNDRA;TURTLE
15;SAVANNAH;OWL,WHITE_GORILLA
27;TUNDRA;MONKEY,LEOPARD,JACKALOPE
25;TUNDRA;WHITE_GORILLA
21;TUNDRA;LEOPARD,SNAKE
29;TUNDRA;GORILLA
6;JUNGLE;WHITE_TIGER
29;TUNDRA;MONKEY
21;TUNDRA;OWL,LEOPARD
3;JUNGLE;LEOPARD,MONKEY
26;TUNDRA;BUFFALO
19;SAVANNAH;LYNX,WHITE_TIGER
11;SAVANNAH;BUFFALO,MONKEY,LYNX
20;SAVANNAH;TURTLE,WHITE_GORILLA
9;JUNGLE;TIGER,MONKEY
20;SAVANNAH;TURTLE
14;SAVANNAH;JACKALOPE
7;JUNGLE;MONKEY
18;SAVANNAH;JACKALOPE
5;JUNGLE;TARSIER
3;JUNGLE;WHITE_TIGER,TARSIER
16;SAVANNAH;GORILLA,TIGER,BUFFALO
4;JUNGLE;SNAKE,WHITE_TIGER,TURTLE
20;SAVANNAH;BUFFALO
10;JUNGLE;WHITE_GORILLA
14;SAVANNAH;MONKEY
13;SAVANNAH;OWL
4;JUNGLE;JACKALOPE,BUFFALO
21;TUNDRA;TURTLE,LEOPARD
26;TUNDRA;SNAKE
12;SAVANNAH;GORILLA,MONKEY,TIGER
5;JUNGLE;SNAKE,WHITE_TIGER
30;TUNDRA;LEOPARD
17;SAVANNAH;WHITE_GORILLA,TURTLE
26;TUNDRA;LYNX
1;JUNGLE;GORILLA,JACKALOPE
6;JUNGLE;TARSIER,WHITE_TIGER
15;SAVANNAH;MONKEY
30;TUNDRA;BUFFALO
18;SAVANNAH;MONKEY,JACKALOPE
12;SAVANNAH;LEOPARD
9;JUNGLE;SNAKE
1;JUNGLE;JACKALOPE
19;SAVANNAH;LYNX,LEOPARD
25;TUNDRA;TIGER
12;SAVANNAH;TARSIER
4;JUNGLE;WHITE_TIGER,GORILLA
28;TUNDRA;WHITE_GORILLA,LEOPARD
23;TUNDRA;TURTLE,OWL
21;TUNDRA;JACKALOPE,SNAKE
19;SAVANNAH;BUFFALO
20;SAVANNAH;TIGER
24;TUNDRA;WHITE_GORILLA,JACKALOPE
27;TUNDRA;MONKEY,SNAKE
6;JUNGLE;GORILLA
23;TUNDRA;WHITE_TIGER,TARSIER,LEOPARD
1;JUNGLE;LYNX,SNAKE,GORILLA
7;JUNGLE;BUFFALO
22;TUNDRA;LYNX
14;SAVANNAH;GORILLA,TURTLE
5;JUNGLE;SNAKE,WHITE_GORILLA,GORILLA
26;TUNDRA;MONKEY,GORILLA
24;TUNDRA;TARSIER,TURTLE
7;JUNGLE;TURTLE,TARSIER
17;SAVANNAH;TARSIER,LYNX
25;TUNDRA;TURTLE
28;TUNDRA;JACKALOPE,TURTLE
24;TUNDRA;SNAKE,LYNX
14;SAVANNAH;TARSIER
17;SAVANNAH;SNAKE
9;JUNGLE;TURTLE,LEOPARD
24;TUNDRA;WHITE_GORILLA,SNAKE
4;JUNGLE;BUFFALO,TURTLE
7;JUNGLE;WHITE_TIGER
12;SAVANNAH;TARSIER,SNAKE
6;JUNGLE;SNAKE,TARSIER,BUFFALO
30;TUNDRA;WHITE_GORILLA
11;SAVANNAH;OWL,BUFFALO,TIGER
1;JUNGLE;MONKEY
29;TUNDRA;JACKALOPE,OWL
15;SAVANNAH;TURTLE
22;TUNDRA;LEOPARD
25;TUNDRA;WHITE_TIGER
6;JUNGLE;LYNX
12;SAVANNAH;WHITE_GORILLA,JACKALOPE
25;TUNDRA;LYNX,LEOPARD
5;JUNGLE;TARSIER
17;SAVANNAH;TARSIER,MONKEY,OWL
2;JUNGLE;SNAKE
26;TUNDRA;TARSIER,TIGER
24;TUNDRA;BUFFALO,LEOPARD,WHITE_GORILLA
29;TUNDRA;BUFFALO,TARSIER,OWL
26;TUNDRA;LEOPARD,OWL,TARSIER
10;JUNGLE;TIGER,GORILLA,LEOPARD
15;SAVANNAH;WHITE_GORILLA,GORILLA,LEOPARD
19;SAVANNAH;JACKALOPE,TURTLE
2;JUNGLE;WHITE_GORILLA
28;TUNDRA;WHITE_TIGER,GORILLA
28;TUNDRA;TIGER,TURTLE,WHITE_TIGER
21;TUNDRA;TIGER
24;TUNDRA;SNAKE,LEOPARD,WHITE_GORILLA
2;JUNGLE;WHITE_TIGER
30;TUNDRA;MONKEY
11;SAVANNAH;SNAKE
8;JUNGLE;GORILLA
29;TUNDRA;WHITE_TIGER,WHITE_GORILLA,TIGER
22;TUNDRA;TIGER
29;TUNDRA;LEOPARD,WHITE_GORILLA
13;SAVANNAH;BUFFALO,JACKALOPE,SNAKE
21;TUNDRA;MONKEY,WHITE_TIGER
3;JUNGLE;TARSIER
11;SAVANNAH;JACKALOPE,TARSIER,LYNX
20;SAVANNAH;BUFFALO,LYNX,TIGER
14;SAVANNAH;TIGER,TARSIER
22;TUNDRA;GORILLA,TARSIER
6;JUNGLE;LYNX,TARSIER
16;SAVANNAH;TIGER
29;TUNDRA;LYNX
17;SAVANNAH;LYNX
27;TUNDRA;LYNX
18;SAVANNAH;TURTLE,WHITE_TIGER,JACKALOPE
13;SAVANNAH;WHITE_TIGER
2;JUNGLE;JACKALOPE,TARSIER
12;SAVANNAH;JACKALOPE
26;TUNDRA;LEOPARD,OWL
1;JUNGLE;BUFFALO
24;TUNDRA;GORILLA,TIGER
3;JUNGLE;GORILLA,TURTLE
27;TUNDRA;WHITE_GORILLA,BUFFALO
9;JUNGLE;TARSIER
4;JUNGLE;TARSIER,JACKALOPE,TIGER
30;TUNDRA;WHITE_GORILLA
13;SAVANNAH;TARSIER,LYNX
7;JUNGLE;SNAKE
17;SAVANNAH;WHITE_GORILLA,GORILLA
14;SAVANNAH;TIGER,WHITE_GORILLA,BUFFALO
21;TUNDRA;SNAKE
4;JUNGLE;BUFFALO,SNAKE
1;JUNGLE;LYNX,OWL
19;SAVANNAH;GORILLA
29;TUNDRA;TARSIER,LYNX,MONKEY
26;TUNDRA;TIGER,LYNX
8;JUNGLE;LYNX,TURTLE
5;JUNGLE;JACKALOPE,WHITE_GORILLA
19;SAVANNAH;BUFFALO,WHITE_GORILLA,LEOPARD
26;TUNDRA;TURTLE
11;SAVANNAH;OWL
3;JUNGLE;TARSIER
7;JUNGLE;LEOPARD,WHITE_TIGER
29;TUNDRA;TARSIER,LYNX,OWL
24;TUNDRA;SNAKE,TURTLE
15;SAVANNAH;WHITE_GORILLA
16;SAVANNAH;GORILLA
5;JUNGLE;OWL
20;SAVANNAH;BUFFALO
25;TUNDRA;TIGER,WHITE_TIGER,JACKALOPE
16;SAVANNAH;TIGER
10;JUNGLE;GORILLA
4;JUNGLE;WHITE_TIGER
5;JUNGLE;LYNX,TARSIER
28;TUNDRA;TURTLE,SNAKE
20;SAVANNAH;TARSIER,LYNX
16;SAVANNAH;TARSIER,WHITE_GORILLA,GORILLA
24;TUNDRA;TARSIER
10;JUNGLE;BUFFALO,TURTLE,LEOPARD
7;JUNGLE;TIGER,SNAKE,MONKEY
1;JUNGLE;SNAKE,BUFFALO,OWL
24;TUNDRA;TIGER
23;TUNDRA;LYNX
1;JUNGLE;WHITE_GORILLA,BUFFALO,TIGER
4;JUNGLE;MONKEY,TURTLE
24;TUNDRA;GORILLA,LEOPARD
5;JUNGLE;SNAKE,WHITE_TIGER,BUFFALO
1;JUNGLE;JACKALOPE,OWL
7;JUNGLE;TIGER
4;JUNGLE;SNAKE,TURTLE
19;SAVANNAH;LEOPARD,WHITE_TIGER
15;SAVANNAH;LEOPARD
25;TUNDRA;WHITE_TIGER,SNAKE,JACKALOPE
11;SAVANNAH;TARSIER,LEOPARD,WHITE_TIGER
1;JUNGLE;MONKEY,LYNX,OWL
10;JUNGLE;BUFFALO,JACKALOPE
23;TUNDRA;WHITE_TIGER,SNAKE,OWL
4;JUNGLE;TIGER,WHITE_GORILLA,MONKEY
28;TUNDRA;GORILLA
12;SAVANNAH;TURTLE
10;JUNGLE;SNAKE,LYNX
4;JUNGLE;WHITE_TIGER,TURTLE,SNAKE
15;SAVANNAH;WHITE_GORILLA,WHITE_TIGER,BUFFALO
3;JUNGLE;BUFFALO
23;TUNDRA;LEOPARD,BUFFALO,TURTLE
8;JUNGLE;BUFFALO,LEOPARD
26;TUNDRA;LEOPARD,OWL,JACKALOPE
22;TUNDRA;TIGER,GORILLA
6;JUNGLE;MONKEY,TURTLE,SNAKE
14;SAVANNAH;TURTLE,LEOPARD
6;JUNGLE;TARSIER,LEOPARD,MONKEY
19;SAVANNAH;TARSIER,TIGER,TURTLE
21;TUNDRA;WHITE_GORILLA,TARSIER
27;TUNDRA;SNAKE
9;JUNGLE;TURTLE,BUFFALO
21;TUNDRA;TARSIER
14;SAVANNAH;OWL,TIGER
13;SAVANNAH;GORILLA,MONKEY
15;SAVANNAH;TARSIER,LYNX
17;SAVANNAH;TIGER
27;TUNDRA;OWL,BUFFALO,GORILLA
9;JUNGLE;BUFFALO,TURTLE,OWL
15;SAVANNAH;TURTLE
18;SAVANNAH;WHITE_GORILLA
12;SAVANNAH;LYNX,OWL,TIGER
28;TUNDRA;GORILLA
17;SAVANNAH;TURTLE,LYNX
17;SAVANNAH;JACKALOPE,LEOPARD
8;JUNGLE;WHITE_TIGER,GORILLA,SNAKE
15;SAVANNAH;TURTLE
30;TUNDRA;LEOPARD,TURTLE,MONKEY
14;SAVANNAH;MONKEY,GORILLA
11;SAVANNAH;BUFFALO,LEOPARD
9;JUNGLE;WHITE_TIGER,GORILLA
2;JUNGLE;TARSIER,GORILLA,LYNX
1;JUNGLE;TURTLE,BUFFALO,LEOPARD
12;SAVANNAH;MONKEY,TIGER,GORILLA
9;JUNGLE;TIGER,JACKALOPE,SNAKE
3;JUNGLE;TARSIER,BUFFALO
18;SAVANNAH;MONKEY,TURTLE
18;SAVANNAH;OWL,TIGER,TURTLE
25;TUNDRA;GORILLA,MONKEY,WHITE_GORILLA
29;TUNDRA;MONKEY,SNAKE
7;JUNGLE;OWL
16;SAVANNAH;TIGER,LYNX
15;SAVANNAH;MONKEY
8;JUNGLE;JACKALOPE,BUFFALO,GORILLA
30;TUNDRA;TURTLE,JACKALOPE,MONKEY
7;JUNGLE;TIGER,BUFFALO,TARSIER
27;TUNDRA;WHITE_GORILLA,WHITE_TIGER
22;TUNDRA;LEOPARD,MONKEY
30;TUNDRA;GORILLA,TIGER,JACKALOPE
30;TUNDRA;JACKALOPE
19;SAVANNAH;LYNX,WHITE_GORILLA
4;JUNGLE;TURTLE
17;SAVANNAH;TIGER,WHITE_GORILLA
13;SAVANNAH;WHITE_TIGER,TIGER
30;TUNDRA;OWL
6;JUNGLE;WHITE_TIGER,WHITE_GORILLA,TIGER
5;JUNGLE;LEOPARD,OWL,TIGER
9;JUNGLE;WHITE_GORILLA
13;SAVANNAH;WHITE_GORILLA
30;TUNDRA;MONKEY,LYNX,TURTLE
13;SAVANNAH;LEOPARD,SNAKE
3;JUNGLE;WHITE_GORILLA,JACKALOPE,SNAKE
5;JUNGLE;TARSIER
22;TUNDRA;WHITE_GORILLA,JACKALOPE
25;TUNDRA;TIGER,GORILLA
2;JUNGLE;LYNX,WHITE_TIGER
27;TUNDRA;LEOPARD,WHITE_TIGER
1;JUNGLE;OWL
15;SAVANNAH;TARSIER
8;JUNGLE;TIGER,JACKALOPE,GORILLA
26;TUNDRA;WHITE_GORILLA,WHITE_TIGER
24;TUNDRA;WHITE_TIGER,SNAKE,WHITE_GORILLA
12;SAVANNAH;OWL,SNAKE,TURTLE
6;JUNGLE;TARSIER
8;JUNGLE;MONKEY,WHITE_TIGER
6;JUNGLE;TIGER,TURTLE,BUFFALO
19;SAVANNAH;WHITE_GORILLA,JACKALOPE
14;SAVANNAH;TURTLE,TARSIER,SNAKE
27;TUNDRA;JACKALOPE,GORILLA
29;TUNDRA;WHITE_TIGER,BUFFALO
27;TUNDRA;SNAKE
23;TUNDRA;WHITE_GORILLA,TIGER,OWL
7;JUNGLE;LYNX
22;TUNDRA;OWL
9;JUNGLE;MONKEY
17;SAVANNAH;TARSIER
26;TUNDRA;LYNX
10;JUNGLE;WHITE_TIGER,TARSIER,JACKALOPE
14;SAVANNAH;TARSIER
25;TUNDRA;MONKEY,LEOPARD
13;SAVANNAH;OWL,SNAKE
23;TUNDRA;SNAKE
21;TUNDRA;TURTLE,WHITE_TIGER,LYNX
30;TUNDRA;TARSIER
13;SAVANNAH;BUFFALO,OWL
23;TUNDRA;MONKEY,LYNX,SNAKE
3;JUNGLE;WHITE_TIGER,OWL
27;TUNDRA;OWL,GORILLA
27;TUNDRA;LYNX,OWL
27;TUNDRA;SNAKE
8;JUNGLE;TARSIER,TURTLE
11;SAVANNAH;LYNX,GORILLA
9;JUNGLE;BUFFALO,TARSIER,SNAKE
26;TUNDRA;BUFFALO
9;JUNGLE;TURTLE,TIGER
14;SAVANNAH;WHITE_GORILLA,TIGER,LYNX
23;TUNDRA;TURTLE,WHITE_GORILLA,SNAKE
2;JUNGLE;WHITE_TIGER,OWL,TIGER
25;TUNDRA;TURTLE,WHITE_TIGER
20;SAVANNAH;LEOPARD,LYNX,SNAKE
25;TUNDRA;LYNX,BUFFALO,SNAKE
12;SAVANNAH;WHITE_TIGER,TURTLE,MONKEY
17;SAVANNAH;OWL,LYNX
1;JUNGLE;TIGER,WHITE_TIGER
1;JUNGLE;GORILLA
2;JUNGLE;GORILLA,WHITE_GORILLA,TURTLE
15;SAVANNAH;OWL,BUFFALO,WHITE_TIGER
1;JUNGLE;OWL,GORILLA,LYNX
21;TUNDRA;GORILLA
2;JUNGLE;OWL,SNAKE
15;SAVANNAH;LYNX
21;TUNDRA;MONKEY
7;JUNGLE;LEOPARD
6;JUNGLE;JACKALOPE,MONKEY
2;JUNGLE;TURTLE,SNAKE,GORILLA
11;SAVANNAH;WHITE_TIGER,SNAKE,JACKALOPE
8;JUNGLE;TURTLE,SNAKE
27;TUNDRA;LEOPARD
12;SAVANNAH;TIGER
10;JUNGLE;JACKALOPE,TARSIER
24;TUNDRA;LYNX,OWL
19;SAVANNAH;WHITE_TIGER,GORILLA,LYNX
7;JUNGLE;MONKEY,LYNX
17;SAVANNAH;TIGER,BUFFALO
19;SAVANNAH;GORILLA,MONKEY
4;JUNGLE;OWL,BUFFALO
18;SAVANNAH;LYNX
29;TUNDRA;WHITE_GORILLA,WHITE_TIGER,OWL
7;JUNGLE;MONKEY,TIGER
17;SAVANNAH;LEOPARD,SNAKE
30;TUNDRA;WHITE_GORILLA
6;JUNGLE;BUFFALO,WHITE_GORILLA
22;TUNDRA;LEOPARD,TIGER
3;JUNGLE;MONKEY,TIGER,LYNX
11;SAVANNAH;GORILLA
18;SAVANNAH;BUFFALO
9;JUNGLE;LYNX,TURTLE,WHITE_TIGER
29;TUNDRA;BUFFALO,WHITE_TIGER,GORILLA
16;SAVANNAH;SNAKE
8;JUNGLE;BUFFALO
23;TUNDRA;WHITE_GORILLA
7;JUNGLE;GORILLA,LYNX
5;JUNGLE;MONKEY,LEOPARD
25;TUNDRA;GORILLA
28;TUNDRA;JACKALOPE,GORILLA,TIGER
11;SAVANNAH;MONKEY
14;SAVANNAH;BUFFALO
19;SAVANNAH;WHITE_GORILLA
27;TUNDRA;GORILLA,TURTLE,LYNX
11;SAVANNAH;WHITE_TIGER,BUFFALO,WHITE_GORILLA
29;TUNDRA;TIGER
30;TUNDRA;TIGER,SNAKE
26;TUNDRA;TIGER,JACKALOPE
27;TUNDRA;LEOPARD
23;TUNDRA;TURTLE
3;JUNGLE;TIGER,TARSIER
13;SAVANNAH;LEOPARD,JACKALOPE
29;TUNDRA;LYNX
22;TUNDRA;TIGER,LYNX,LEOPARD
4;JUNGLE;WHITE_TIGER,SNAKE,TIGER
28;TUNDRA;TARSIER,LEOPARD,TURTLE
26;TUNDRA;JACKALOPE,BUFFALO,WHITE_GORILLA
7;JUNGLE;SNAKE,LEOPARD
21;TUNDRA;WHITE_GORILLA,BUFFALO,LEOPARD
23;TUNDRA;JACKALOPE,LEOPARD,TARSIER
8;JUNGLE;LYNX,SNAKE
13;SAVANNAH;TARSIER
11;SAVANNAH;SNAKE,LYNX
24;TUNDRA;TARSIER,WHITE_GORILLA
25;TUNDRA;GORILLA,MONKEY,TARSIER
9;JUNGLE;JACKALOPE,BUFFALO
26;TUNDRA;JACKALOPE,TURTLE
1;JUNGLE;WHITE_GORILLA,WHITE_TIGER
8;JUNGLE;WHITE_TIGER,LEOPARD,TARSIER
22;TUNDRA;TARSIER
20;SAVANNAH;BUFFALO,TIGER,WHITE_TIGER
13;SAVANNAH;WHITE_GORILLA,MONKEY,TARSIER
21;TUNDRA;WHITE_TIGER
5;JUNGLE;TARSIER,OWL,BUFFALO
1;JUNGLE;MONKEY
2;JUNGLE;BUFFALO,WHITE_TIGER
15;SAVANNAH;TIGER,MONKEY,BUFFALO
17;SAVANNAH;GORILLA,LYNX
24;TUNDRA;LYNX,GORILLA,BUFFALO
5;JUNGLE;MONKEY
1;JUNGLE;TURTLE
1;JUNGLE;LYNX,WHITE_TIGER,JACKALOPE
24;TUNDRA;WHITE_GORILLA
14;SAVANNAH;LEOPARD,JACKALOPE,LYNX
9;JUNGLE;BUFFALO
14;SAVANNAH;MONKEY,BUFFALO,LEOPARD
16;SAVANNAH;TURTLE
9;JUNGLE;GORILLA,LYNX,JACKALOPE
11;SAVANNAH;WHITE_GORILLA,WHITE_TIGER,BUFFALO
19;SAVANNAH;TIGER,BUFFALO,TARSIER
23;TUNDRA;WHITE_TIGER,TURTLE
21;TUNDRA;TARSIER,LEOPARD,WHITE_TIGER
13;SAVANNAH;SNAKE
14;SAVANNAH;BUFFALO
11;SAVANNAH;TARSIER,SNAKE,TURTLE
10;JUNGLE;WHITE_TIGER,LEOPARD,OWL
29;TUNDRA;BUFFALO,WHITE_GORILLA
26;TUNDRA;BUFFALO,TURTLE,LYNX
2;JUNGLE;GORILLA,OWL,TURTLE
22;TUNDRA;LYNX,BUFFALO
20;SAVANNAH;TURTLE,BUFFALO,LYNX
8;JUNGLE;MONKEY,LYNX,TIGER
19;SAVANNAH;GORILLA,LYNX,TURTLE
24;TUNDRA;MONKEY,TURTLE
29;TUNDRA;MONKEY,LEOPARD
12;SAVANNAH;WHITE_TIGER,BUFFALO
16;SAVANNAH;TIGER
14;SAVANNAH;OWL
22;TUNDRA;TURTLE,LYNX,TIGER
9;JUNGLE;TURTLE
9;JUNGLE;WHITE_TIGER,SNAKE,TURTLE
11;SAVANNAH;JACKALOPE,GORILLA,WHITE_GORILLA
13;SAVANNAH;MONKEY,OWL
20;SAVANNAH;TURTLE,TIGER
28;TUNDRA;MONKEY
22;TUNDRA;SNAKE,TURTLE,JACKALOPE
7;JUNGLE;WHITE_GORILLA
9;JUNGLE;GORILLA
13;SAVANNAH;LYNX,WHITE_TIGER,LEOPARD
7;JUNGLE;LYNX,SNAKE,WHITE_TIGER
29;TUNDRA;GORILLA
7;JUNGLE;LEOPARD,MONKEY,WHITE_GORILLA
3;JUNGLE;SNAKE
25;TUNDRA;GORILLA
26;TUNDRA;TURTLE
23;TUNDRA;LYNX,WHITE_TIGER,TARSIER
9;JUNGLE;LEOPARD,GORILLA
27;TUNDRA;GORILLA,LYNX
6;JUNGLE;LEOPARD
4;JUNGLE;TIGER,MONKEY
29;TUNDRA;MONKEY
13;SAVANNAH;WHITE_GORILLA,JACKALOPE
19;SAVANNAH;TURTLE,MONKEY
5;JUNGLE;LEOPARD,OWL
5;JUNGLE;MONKEY
14;SAVANNAH;TURTLE
12;SAVANNAH;TARSIER,WHITE_GORILLA,MONKEY
1;JUNGLE;TURTLE,OWL,SNAKE
8;JUNGLE;TARSIER
4;JUNGLE;OWL,TIGER,SNAKE
10;JUNGLE;TURTLE,SNAKE
23;TUNDRA;JACKALOPE
23;TUNDRA;SNAKE
27;TUNDRA;GORILLA
18;SAVANNAH;BUFFALO
17;SAVANNAH;TIGER,LYNX,TARSIER
24;TUNDRA;WHITE_GORILLA,LYNX,JACKALOPE
4;JUNGLE;MONKEY
2;JUNGLE;SNAKE,WHITE_GORILLA
12;SAVANNAH;BUFFALO
10;JUNGLE;TIGER,WHITE_TIGER,OWL
11;SAVANNAH;WHITE_TIGER,TURTLE
25;TUNDRA;SNAKE
20;SAVANNAH;WHITE_TIGER,WHITE_GORILLA,LEOPARD
26;TUNDRA;OWL,MONKEY
1;JUNGLE;SNAKE
16;SAVANNAH;WHITE_GORILLA
29;TUNDRA;WHITE_TIGER
